first_name,last_name,round,teetime,pos,round1.topar,topar,total,round1.total,hole01,hole02,hole03,hole04,hole05,hole06,hole07,hole08,hole09,hole10,hole11,hole12,hole13,hole14,hole15,hole16,hole17,hole18,round2.topar,round2.total,round3.topar,round3.total,round4.topar,round4.total
Tiger,Woods,1,9:20 AM,1,-2,-13,275,70,4,4,4,3,5,3,4,5,3,4,4,3,4,3,5,3,5,4,NA,NA,NA,NA,NA,NA
Dustin,Johnson,1,8:47 AM,T2,-4,-12,276,68,4,4,4,3,4,3,4,4,4,5,3,3,4,4,5,2,4,4,NA,NA,NA,NA,NA,NA
Xander,Schauffele,1,8:58 AM,T2,-4,-12,276,73,3,4,5,3,5,3,4,5,3,4,5,3,4,5,4,3,4,6,NA,NA,NA,NA,NA,NA
Brooks,Koepka,1,9:09 AM,T2,-2,-12,276,66,4,4,4,3,4,3,4,5,4,3,4,2,4,3,4,3,4,4,NA,NA,NA,NA,NA,NA
Jason,Day,1,8:14 AM,T5,-5,-11,277,70,5,4,4,3,4,3,4,4,4,4,4,3,4,4,5,2,5,4,NA,NA,NA,NA,NA,NA
Webb,Simpson,1,9:09 AM,T5,-2,-11,277,72,4,6,3,3,4,3,5,4,4,5,4,3,3,4,5,3,5,4,NA,NA,NA,NA,NA,NA
Francesco,Molinari,1,9:20 AM,T5,+2,-11,277,70,4,4,4,3,4,3,4,5,4,4,5,3,5,4,4,3,4,3,NA,NA,NA,NA,NA,NA
Tony,Finau,1,9:20 AM,T5,E,-11,277,71,4,5,4,4,4,3,4,4,4,4,4,3,4,4,4,3,5,4,NA,NA,NA,NA,NA,NA
Jon,Rahm,1,8:25 AM,T9,-4,-10,278,69,4,5,3,2,5,3,4,6,3,4,3,3,4,4,5,3,4,4,NA,NA,NA,NA,NA,NA
Patrick,Cantlay,1,8:36 AM,T9,-4,-10,278,73,4,4,4,3,6,3,4,5,4,5,4,2,4,4,5,3,5,4,NA,NA,NA,NA,NA,NA
Rickie,Fowler,1,8:47 AM,T9,-3,-10,278,70,4,5,5,3,4,3,4,5,4,4,3,2,5,4,4,3,4,4,NA,NA,NA,NA,NA,NA
Bubba,Watson,1,8:14 AM,T12,-3,-8,280,72,4,5,4,3,4,4,4,4,4,4,4,3,5,5,4,3,4,4,NA,NA,NA,NA,NA,NA
Justin,Thomas,1,8:25 AM,T12,-2,-8,280,73,4,5,3,4,4,4,4,4,4,4,4,3,5,4,5,3,4,5,NA,NA,NA,NA,NA,NA
Matt,Kuchar,1,8:58 AM,T12,E,-8,280,71,4,4,4,3,4,3,4,5,4,4,5,3,3,4,6,4,4,3,NA,NA,NA,NA,NA,NA
Justin,Harding,1,8:58 AM,T12,E,-8,280,69,3,5,3,3,5,2,4,5,4,4,4,3,5,4,4,3,3,5,NA,NA,NA,NA,NA,NA
Ian,Poulter,1,9:09 AM,T12,+1,-8,280,68,4,4,4,3,4,2,4,5,5,4,4,3,4,4,4,2,4,4,NA,NA,NA,NA,NA,NA
Aaron,Wise,1,7:30 AM,17,-5,-7,281,75,5,4,4,3,4,3,3,5,4,3,4,3,5,5,5,4,6,5,NA,NA,NA,NA,NA,NA
Patton,Kizzire,1,7:41 AM,T18,-3,-6,282,70,4,3,4,3,4,3,4,4,4,4,4,4,4,4,5,3,4,5,NA,NA,NA,NA,NA,NA
Phil,Mickelson,1,8:25 AM,T18,E,-6,282,67,4,4,4,3,4,3,4,4,4,5,5,2,4,4,4,2,4,3,NA,NA,NA,NA,NA,NA
Adam,Scott,1,8:36 AM,T18,+1,-6,282,69,4,5,4,3,4,3,5,4,3,4,4,4,5,4,4,3,3,3,NA,NA,NA,NA,NA,NA
Si Woo,Kim,1,7:30 AM,T21,-3,-5,283,72,4,5,4,3,4,4,4,5,3,5,4,5,4,3,4,3,4,4,NA,NA,NA,NA,NA,NA
Kyle,Stanley,1,7:30 AM*,T21,-3,-5,283,72,5,4,4,4,4,3,4,4,5,5,3,2,5,4,5,3,4,4,NA,NA,NA,NA,NA,NA
Matthew,Fitzpatrick,1,7:41 AM,T21,-2,-5,283,78,5,5,4,4,5,2,5,5,3,4,4,3,4,5,5,5,5,5,NA,NA,NA,NA,NA,NA
Kevin,Kisner,1,7:41 AM*,T21,-3,-5,283,69,4,4,4,4,4,3,5,4,4,4,3,4,4,3,4,3,4,4,NA,NA,NA,NA,NA,NA
Rory,McIlroy,1,7:52 AM*,T21,-4,-5,283,73,5,5,3,3,4,4,4,4,4,5,5,3,4,4,4,2,5,5,NA,NA,NA,NA,NA,NA
Jordan,Spieth,1,8:03 AM,T21,-1,-5,283,75,5,4,5,3,4,5,4,5,5,4,4,3,5,4,5,2,4,4,NA,NA,NA,NA,NA,NA
Lucas,Bjerregaard,1,8:14 AM,T21,E,-5,283,70,4,4,3,5,4,2,4,5,4,4,4,3,4,4,4,3,4,5,NA,NA,NA,NA,NA,NA
Thorbjorn,Olesen,1,8:36 AM,T21,+1,-5,283,71,4,5,3,3,4,3,4,4,4,4,4,3,5,4,5,4,4,4,NA,NA,NA,NA,NA,NA
Charley,Hoffman,1,7:30 AM*,T29,-2,-4,284,71,5,4,4,3,4,2,4,5,5,5,4,3,4,4,5,3,3,4,NA,NA,NA,NA,NA,NA
Bryson,DeChambeau,1,7:41 AM*,T29,-2,-4,284,66,4,4,5,2,4,3,4,4,5,4,4,2,4,5,4,2,3,3,NA,NA,NA,NA,NA,NA
Louis,Oosthuizen,1,8:47 AM,T29,+4,-4,284,71,4,4,3,3,5,3,5,5,4,4,3,3,4,4,6,3,4,4,NA,NA,NA,NA,NA,NA
Viktor,Hovland,1,7:30 AM*,T32,-1,-3,285,72,4,4,5,3,4,3,5,5,4,4,5,3,4,4,4,2,4,5,NA,NA,NA,NA,NA,NA
Hideki,Matsuyama,1,7:52 AM,T32,E,-3,285,75,5,6,5,3,3,3,4,5,4,6,5,3,4,4,4,3,4,4,NA,NA,NA,NA,NA,NA
Gary,Woodland,1,7:52 AM*,T32,-2,-3,285,70,5,4,4,3,3,3,3,5,4,4,4,3,5,4,4,3,4,5,NA,NA,NA,NA,NA,NA
Charles,Howell III,1,8:03 AM*,T32,-3,-3,285,73,5,5,4,3,4,3,4,4,4,3,5,2,4,4,6,3,5,5,NA,NA,NA,NA,NA,NA
Kevin,Tway,1,7:41 AM,T36,+1,-2,286,72,4,4,4,2,5,2,5,4,5,4,5,3,5,4,5,3,4,4,NA,NA,NA,NA,NA,NA
Henrik,Stenson,1,7:52 AM,T36,+1,-2,286,74,4,5,3,3,5,2,4,5,4,5,4,3,8,4,4,3,4,4,NA,NA,NA,NA,NA,NA
Tommy,Fleetwood,1,8:03 AM,T36,+2,-2,286,71,4,4,4,3,4,3,3,5,4,5,4,3,5,5,4,3,4,4,NA,NA,NA,NA,NA,NA
Jimmy,Walker,1,8:03 AM*,T36,-2,-2,286,72,4,5,3,4,4,3,4,4,5,4,5,3,4,4,5,3,4,4,NA,NA,NA,NA,NA,NA
Alvaro,Ortiz,1,8:14 AM*,T36,-3,-2,286,73,4,5,4,3,5,3,4,4,4,4,5,3,6,4,5,3,3,4,NA,NA,NA,NA,NA,NA
Patrick,Reed,1,8:25 AM*,T36,-3,-2,286,73,4,5,4,4,4,3,5,5,4,3,5,3,3,5,4,3,4,5,NA,NA,NA,NA,NA,NA
Rafael,Cabrera Bello,1,8:47 AM*,T36,-4,-2,286,73,5,5,3,3,4,3,4,4,5,7,4,3,5,4,4,2,4,4,NA,NA,NA,NA,NA,NA
Keegan,Bradley,1,7:52 AM*,T43,E,-1,287,76,6,4,4,3,4,3,5,4,4,5,5,3,5,4,4,3,4,6,NA,NA,NA,NA,NA,NA
Keith,Mitchell,1,8:25 AM*,T43,-3,-1,287,72,4,5,4,4,4,3,4,5,4,4,4,3,5,6,3,2,4,4,NA,NA,NA,NA,NA,NA
Haotong,Li,1,8:58 AM*,T43,-4,-1,287,72,4,4,3,3,4,4,4,4,4,5,5,3,4,4,5,3,4,5,NA,NA,NA,NA,NA,NA
Corey,Conners,1,8:03 AM,T46,+4,E,288,70,4,5,5,3,4,2,5,5,4,4,4,3,4,3,3,3,4,5,NA,NA,NA,NA,NA,NA
Kevin,Na,1,8:14 AM*,T46,-1,E,288,71,4,4,4,3,4,2,5,5,4,4,4,4,4,4,4,3,4,5,NA,NA,NA,NA,NA,NA
Andrew,Landry,1,8:36 AM*,T46,-2,E,288,72,5,4,4,4,4,3,4,4,4,5,4,3,7,3,4,2,4,4,NA,NA,NA,NA,NA,NA
Marc,Leishman,1,7:30 AM,T49,+3,+1,289,72,5,5,4,3,3,3,4,4,4,6,3,3,4,5,5,2,4,5,NA,NA,NA,NA,NA,NA
Kiradech,Aphibarnrat,1,8:14 AM*,T49,+1,+1,289,69,4,5,4,4,4,3,4,5,4,4,4,3,3,4,4,2,4,4,NA,NA,NA,NA,NA,NA
Cameron,Smith,1,7:52 AM,T51,+5,+2,290,70,5,5,4,3,4,3,3,4,5,4,5,3,4,4,4,2,4,4,NA,NA,NA,NA,NA,NA
Eddie,Pepperell,1,8:47 AM*,T51,-1,+2,290,74,4,4,4,3,5,4,3,5,4,5,4,3,6,5,4,2,4,5,NA,NA,NA,NA,NA,NA
Martin,Kaymer,1,8:58 AM*,T51,-1,+2,290,73,4,4,6,3,4,3,3,4,5,5,5,3,4,4,4,3,4,5,NA,NA,NA,NA,NA,NA
Trevor,Immelman,1,9:20 AM*,T51,-3,+2,290,74,4,4,5,3,5,4,5,5,4,3,4,2,5,5,4,3,4,5,NA,NA,NA,NA,NA,NA
Devon,Bling,1,8:25 AM*,55,+1,+3,291,74,4,5,4,3,5,3,4,5,3,4,5,3,4,5,4,3,4,6,NA,NA,NA,NA,NA,NA
Tyrrell,Hatton,1,8:36 AM*,T56,+2,+4,292,73,4,4,4,3,4,4,4,4,3,5,5,4,4,5,4,3,4,5,NA,NA,NA,NA,NA,NA
Billy,Horschel,1,9:09 AM*,T56,-1,+4,292,72,4,6,3,4,3,3,5,3,4,5,5,3,4,5,4,2,4,5,NA,NA,NA,NA,NA,NA
Takumi,Kanaya,1,7:41 AM*,T58,+6,+5,293,73,3,4,4,4,4,3,4,5,4,5,5,3,4,4,4,3,6,4,NA,NA,NA,NA,NA,NA
Branden,Grace,1,8:58 AM*,T58,+2,+5,293,72,5,4,4,2,4,2,5,5,3,5,5,3,5,4,4,4,4,4,NA,NA,NA,NA,NA,NA
Zach,Johnson,1,9:09 AM*,T58,+1,+5,293,74,5,5,4,3,4,3,5,5,4,3,5,3,4,5,5,3,4,4,NA,NA,NA,NA,NA,NA
Satoshi,Kodaira,1,8:36 AM*,61,+4,+6,294,75,5,5,3,4,4,3,4,5,5,4,4,3,5,5,5,2,5,4,NA,NA,NA,NA,NA,NA
J. B.,Holmes,1,8:03 AM*,T62,+8,+8,296,70,3,5,5,3,4,2,4,5,4,4,4,3,4,4,5,3,4,4,NA,NA,NA,NA,NA,NA
Bernhard,Langer,1,8:47 AM*,T62,+6,+8,296,71,4,4,4,2,4,4,4,4,4,5,4,3,5,4,5,3,4,4,NA,NA,NA,NA,NA,NA
Emiliano,Grillo,1,9:09 AM*,T62,+4,+8,296,72,4,4,4,2,5,3,6,4,4,4,5,2,5,4,5,3,4,4,NA,NA,NA,NA,NA,NA
Alex,Noren,1,9:20 AM*,T62,+2,+8,296,75,4,4,4,4,4,3,5,5,4,6,4,3,4,4,5,3,5,4,NA,NA,NA,NA,NA,NA
Sandy,Lyle,1,NA,NA,NA,+4,148,73,4,4,4,3,5,2,4,5,4,4,5,3,5,5,6,2,4,4,NA,NA,NA,NA,NA,NA
Stewart,Cink,1,NA,NA,NA,+4,148,76,5,4,4,3,5,3,4,4,4,4,4,3,5,5,8,2,5,4,NA,NA,NA,NA,NA,NA
Justin,Rose,1,NA,NA,NA,+4,148,75,4,5,4,3,5,3,5,6,5,4,4,3,5,4,4,4,3,4,NA,NA,NA,NA,NA,NA
Mike,Weir,1,NA,NA,NA,+4,148,72,5,5,4,4,4,3,5,4,4,4,4,2,5,4,4,3,4,4,NA,NA,NA,NA,NA,NA
Kevin,O'Connell,1,NA,NA,NA,+4,148,77,4,5,4,4,5,3,4,5,5,4,6,4,4,5,4,2,4,5,NA,NA,NA,NA,NA,NA
Danny,Willett,1,NA,NA,NA,+4,148,75,4,4,4,3,5,4,4,5,4,7,4,3,4,4,4,3,5,4,NA,NA,NA,NA,NA,NA
Sergio,Garcia,1,NA,NA,NA,+4,148,73,4,5,4,3,4,5,4,4,4,5,4,2,5,4,5,3,4,4,NA,NA,NA,NA,NA,NA
Adam,Long,1,NA,NA,NA,+5,149,75,5,5,3,3,4,3,4,5,5,4,4,5,6,4,5,3,3,4,NA,NA,NA,NA,NA,NA
Brandt,Snedeker,1,NA,NA,NA,+5,149,75,3,5,4,4,5,3,4,5,4,4,4,3,5,4,4,5,5,4,NA,NA,NA,NA,NA,NA
Fred,Couples,1,NA,NA,NA,+5,149,78,4,4,5,3,5,3,4,6,4,4,5,5,4,4,7,3,4,4,NA,NA,NA,NA,NA,NA
Charl,Schwartzel,1,NA,NA,NA,+5,149,77,4,5,4,4,5,4,4,4,4,4,5,4,5,5,4,3,4,5,NA,NA,NA,NA,NA,NA
Shugo,Imahira,1,NA,NA,NA,+6,150,76,4,6,4,5,4,2,4,4,5,5,4,3,5,5,4,2,5,5,NA,NA,NA,NA,NA,NA
Larry,Mize,1,NA,NA,NA,+7,151,77,4,5,4,4,4,4,4,4,4,4,5,4,5,4,6,3,4,5,NA,NA,NA,NA,NA,NA
Shane,Lowry,1,NA,NA,NA,+7,151,78,5,5,3,3,4,3,5,5,5,5,4,4,6,4,5,4,4,4,NA,NA,NA,NA,NA,NA
Matt,Wallace,1,NA,NA,NA,+8,152,75,5,6,4,3,5,3,4,5,5,4,4,2,5,5,3,3,4,5,NA,NA,NA,NA,NA,NA
Jovan,Rebula,1,NA,NA,NA,+8,152,73,5,5,4,4,4,3,4,4,4,5,4,2,4,4,5,4,3,5,NA,NA,NA,NA,NA,NA
Michael,Kim,1,NA,NA,NA,+10,154,76,4,4,5,4,4,2,5,5,5,3,5,3,5,4,7,3,4,4,NA,NA,NA,NA,NA,NA
Paul,Casey,1,NA,NA,NA,+10,154,81,5,5,5,4,6,3,4,5,4,4,4,4,5,4,5,3,5,6,NA,NA,NA,NA,NA,NA
Vijay,Singh,1,NA,NA,NA,+12,156,80,5,5,5,3,4,3,6,6,5,5,5,2,4,5,5,3,4,5,NA,NA,NA,NA,NA,NA
Ian,Woosnam,1,NA,NA,NA,+12,156,80,4,5,4,4,5,3,5,5,4,4,8,4,6,5,4,2,4,4,NA,NA,NA,NA,NA,NA
Jose Maria,Olazabal,1,NA,NA,NA,+13,157,78,4,7,4,3,4,3,4,5,4,4,5,3,5,4,5,5,4,5,NA,NA,NA,NA,NA,NA
Angel,Cabrera,1,NA,NA,NA,+13,157,82,5,5,3,4,5,4,5,6,4,5,5,4,5,5,5,4,4,4,NA,NA,NA,NA,NA,NA
Tiger,Woods,2,9:20 AM,1,NA,-13,275,NA,4,5,4,2,5,2,4,6,3,4,3,3,5,3,4,3,4,4,-2,68,NA,NA,NA,NA
Dustin,Johnson,2,8:47 AM,T2,NA,-12,276,NA,5,5,4,3,4,3,4,5,4,3,4,3,4,4,4,3,4,4,-4,70,NA,NA,NA,NA
Xander,Schauffele,2,8:58 AM,T2,NA,-12,276,NA,5,4,3,3,4,3,4,4,3,4,4,3,4,3,4,3,4,3,-4,65,NA,NA,NA,NA
Brooks,Koepka,2,9:09 AM,T2,NA,-12,276,NA,3,7,3,4,4,4,4,4,4,4,4,3,5,4,4,3,4,3,-2,71,NA,NA,NA,NA
Jason,Day,2,8:14 AM,T5,NA,-11,277,NA,4,4,4,3,3,3,4,4,4,4,4,4,4,4,4,2,4,4,-5,67,NA,NA,NA,NA
Webb,Simpson,2,9:09 AM,T5,NA,-11,277,NA,4,4,4,3,4,3,4,4,4,5,4,3,5,4,5,3,4,4,-2,71,NA,NA,NA,NA
Francesco,Molinari,2,9:20 AM,T5,NA,-11,277,NA,4,5,3,3,4,3,4,4,3,4,4,2,5,4,4,3,4,4,+2,67,NA,NA,NA,NA
Tony,Finau,2,9:20 AM,T5,NA,-11,277,NA,4,5,4,3,4,3,4,4,5,3,4,3,5,4,4,3,4,4,E,70,NA,NA,NA,NA
Jon,Rahm,2,8:25 AM,T9,NA,-10,278,NA,4,4,3,3,4,3,4,5,4,4,4,3,5,4,5,3,4,4,-4,70,NA,NA,NA,NA
Patrick,Cantlay,2,8:36 AM,T9,NA,-10,278,NA,4,5,4,3,5,3,4,4,4,4,4,3,4,5,5,3,4,5,-4,73,NA,NA,NA,NA
Rickie,Fowler,2,8:47 AM,T9,NA,-10,278,NA,4,5,5,3,4,2,4,4,4,4,5,3,5,4,4,3,4,4,-3,71,NA,NA,NA,NA
Bubba,Watson,2,8:14 AM,T12,NA,-8,280,NA,4,4,4,3,5,3,4,5,4,4,4,4,3,4,5,3,5,4,-3,72,NA,NA,NA,NA
Justin,Thomas,2,8:25 AM,T12,NA,-8,280,NA,4,4,4,3,4,2,4,4,4,4,4,3,5,4,3,3,4,5,-2,68,NA,NA,NA,NA
Matt,Kuchar,2,8:58 AM,T12,NA,-8,280,NA,5,4,4,2,4,2,5,4,4,5,4,3,3,5,4,3,4,4,E,69,NA,NA,NA,NA
Justin,Harding,2,8:58 AM,T12,NA,-8,280,NA,4,5,4,3,4,3,4,5,4,5,4,2,4,3,4,3,3,5,E,69,NA,NA,NA,NA
Ian,Poulter,2,9:09 AM,T12,NA,-8,280,NA,5,4,4,3,4,3,4,5,4,4,4,2,4,5,5,3,4,4,+1,71,NA,NA,NA,NA
Aaron,Wise,2,7:30 AM,17,NA,-7,281,NA,4,4,4,3,5,3,4,4,5,4,5,3,5,3,4,3,4,4,-5,71,NA,NA,NA,NA
Patton,Kizzire,2,7:41 AM,T18,NA,-6,282,NA,5,4,4,3,4,3,4,5,4,4,4,3,5,3,5,3,4,3,-3,70,NA,NA,NA,NA
Phil,Mickelson,2,8:25 AM,T18,NA,-6,282,NA,4,4,4,3,5,3,4,6,3,5,4,3,4,4,5,3,5,4,E,73,NA,NA,NA,NA
Adam,Scott,2,8:36 AM,T18,NA,-6,282,NA,4,5,4,3,4,3,4,4,4,4,4,2,4,4,3,4,4,4,+1,68,NA,NA,NA,NA
Si Woo,Kim,2,7:30 AM,T21,NA,-5,283,NA,4,5,4,3,5,3,5,4,4,5,4,2,5,4,4,4,3,4,-3,72,NA,NA,NA,NA
Kyle,Stanley,2,7:30 AM*,T21,NA,-5,283,NA,4,5,4,3,5,3,5,4,4,4,4,3,4,4,5,3,4,4,-3,72,NA,NA,NA,NA
Matthew,Fitzpatrick,2,7:41 AM,T21,NA,-5,283,NA,4,4,4,3,4,3,4,5,4,5,4,2,3,4,4,2,4,4,-2,67,NA,NA,NA,NA
Kevin,Kisner,2,7:41 AM*,T21,NA,-5,283,NA,4,5,4,3,4,4,4,5,5,4,5,3,5,4,4,2,4,4,-3,73,NA,NA,NA,NA
Rory,McIlroy,2,7:52 AM*,T21,NA,-5,283,NA,4,6,4,3,4,2,4,3,4,4,5,3,6,4,5,2,4,4,-4,71,NA,NA,NA,NA
Jordan,Spieth,2,8:03 AM,T21,NA,-5,283,NA,5,4,4,3,4,3,4,5,3,3,4,3,4,3,5,3,4,4,-1,68,NA,NA,NA,NA
Lucas,Bjerregaard,2,8:14 AM,T21,NA,-5,283,NA,5,5,4,3,4,3,4,4,4,4,4,3,5,4,3,4,4,5,E,72,NA,NA,NA,NA
Thorbjorn,Olesen,2,8:36 AM,T21,NA,-5,283,NA,4,5,3,3,5,3,4,5,4,4,4,3,4,4,4,3,5,4,+1,71,NA,NA,NA,NA
Charley,Hoffman,2,7:30 AM*,T29,NA,-4,284,NA,3,5,4,3,5,3,4,5,3,4,4,4,4,5,4,3,4,4,-2,71,NA,NA,NA,NA
Bryson,DeChambeau,2,7:41 AM*,T29,NA,-4,284,NA,4,4,4,3,4,3,5,4,5,6,4,4,5,4,4,4,4,4,-2,75,NA,NA,NA,NA
Louis,Oosthuizen,2,8:47 AM,T29,NA,-4,284,NA,3,5,4,2,4,2,3,6,4,4,4,2,4,4,4,3,4,4,+4,66,NA,NA,NA,NA
Viktor,Hovland,2,7:30 AM*,T32,NA,-3,285,NA,4,4,4,4,5,3,4,5,4,3,5,3,3,4,5,3,4,4,-1,71,NA,NA,NA,NA
Hideki,Matsuyama,2,7:52 AM,T32,NA,-3,285,NA,4,4,4,3,4,3,4,4,4,4,5,2,6,4,4,4,4,3,E,70,NA,NA,NA,NA
Gary,Woodland,2,7:52 AM*,T32,NA,-3,285,NA,4,5,4,2,4,3,4,4,4,4,5,3,5,5,5,3,4,3,-2,71,NA,NA,NA,NA
Charles,Howell III,2,8:03 AM*,T32,NA,-3,285,NA,4,4,4,3,3,3,4,4,3,4,5,3,3,4,5,3,4,4,-3,67,NA,NA,NA,NA
Kevin,Tway,2,7:41 AM,T36,NA,-2,286,NA,5,5,4,3,5,3,4,4,4,4,4,3,4,4,4,3,4,4,+1,71,NA,NA,NA,NA
Henrik,Stenson,2,7:52 AM,T36,NA,-2,286,NA,4,5,3,3,5,3,5,4,4,4,4,3,4,4,5,3,3,6,+1,72,NA,NA,NA,NA
Tommy,Fleetwood,2,8:03 AM,T36,NA,-2,286,NA,5,4,3,4,4,4,4,5,4,4,4,2,6,4,4,3,4,3,+2,71,NA,NA,NA,NA
Jimmy,Walker,2,8:03 AM*,T36,NA,-2,286,NA,4,6,4,3,4,3,4,5,4,4,4,3,4,4,5,3,4,4,-2,72,NA,NA,NA,NA
Alvaro,Ortiz,2,8:14 AM*,T36,NA,-2,286,NA,4,5,3,4,4,4,4,5,4,5,5,3,5,3,3,3,4,3,-3,71,NA,NA,NA,NA
Patrick,Reed,2,8:25 AM*,T36,NA,-2,286,NA,4,4,3,4,4,4,4,5,4,4,4,3,4,4,5,3,3,4,-3,70,NA,NA,NA,NA
Rafael,Cabrera Bello,2,8:47 AM*,T36,NA,-2,286,NA,4,5,3,3,3,3,4,5,4,5,4,3,5,4,4,3,4,4,-4,70,NA,NA,NA,NA
Keegan,Bradley,2,7:52 AM*,T43,NA,-1,287,NA,4,4,4,2,5,3,6,4,5,3,4,3,4,4,4,2,3,4,E,68,NA,NA,NA,NA
Keith,Mitchell,2,8:25 AM*,T43,NA,-1,287,NA,4,5,4,3,4,3,2,4,5,4,5,3,5,5,5,3,5,5,-3,74,NA,NA,NA,NA
Haotong,Li,2,8:58 AM*,T43,NA,-1,287,NA,4,5,4,3,4,4,5,4,4,4,4,3,5,4,5,3,5,4,-4,74,NA,NA,NA,NA
Corey,Conners,2,8:03 AM,T46,NA,E,288,NA,4,5,3,4,4,3,5,4,4,4,5,2,4,4,4,3,4,5,+4,71,NA,NA,NA,NA
Kevin,Na,2,8:14 AM*,T46,NA,E,288,NA,5,5,4,3,4,3,4,5,3,5,5,2,4,5,6,2,4,4,-1,73,NA,NA,NA,NA
Andrew,Landry,2,8:36 AM*,T46,NA,E,288,NA,4,5,4,3,4,3,3,5,4,4,4,3,5,5,5,4,4,4,-2,73,NA,NA,NA,NA
Marc,Leishman,2,7:30 AM,T49,NA,+1,289,NA,4,6,4,2,4,3,4,5,4,4,4,2,5,4,5,3,4,5,+3,72,NA,NA,NA,NA
Kiradech,Aphibarnrat,2,8:14 AM*,T49,NA,+1,289,NA,4,5,4,3,5,3,3,5,4,4,5,2,4,5,5,3,4,4,+1,72,NA,NA,NA,NA
Cameron,Smith,2,7:52 AM,T51,NA,+2,290,NA,5,4,4,3,5,3,4,5,4,5,5,3,6,4,4,3,3,4,+5,74,NA,NA,NA,NA
Eddie,Pepperell,2,8:47 AM*,T51,NA,+2,290,NA,4,5,4,3,4,3,4,5,4,4,5,3,6,5,4,2,4,4,-1,73,NA,NA,NA,NA
Martin,Kaymer,2,8:58 AM*,T51,NA,+2,290,NA,3,5,4,4,5,3,4,5,4,5,4,3,4,5,4,3,5,4,-1,74,NA,NA,NA,NA
Trevor,Immelman,2,9:20 AM*,T51,NA,+2,290,NA,4,5,4,3,4,3,5,4,4,6,4,3,4,4,4,3,4,4,-3,72,NA,NA,NA,NA
Devon,Bling,2,8:25 AM*,55,NA,+3,291,NA,5,6,4,2,3,3,4,5,5,4,4,3,5,5,5,2,4,4,+1,73,NA,NA,NA,NA
Tyrrell,Hatton,2,8:36 AM*,T56,NA,+4,292,NA,5,5,4,3,4,3,4,5,4,4,4,3,6,4,4,3,4,4,+2,73,NA,NA,NA,NA
Billy,Horschel,2,9:09 AM*,T56,NA,+4,292,NA,3,4,4,5,5,3,5,4,4,4,5,3,6,5,4,4,4,3,-1,75,NA,NA,NA,NA
Takumi,Kanaya,2,7:41 AM*,T58,NA,+5,293,NA,4,5,4,4,5,3,5,5,4,4,4,3,6,4,4,2,4,4,+6,74,NA,NA,NA,NA
Branden,Grace,2,8:58 AM*,T58,NA,+5,293,NA,5,4,5,4,4,3,4,4,5,5,4,3,4,4,5,3,4,5,+2,75,NA,NA,NA,NA
Zach,Johnson,2,9:09 AM*,T58,NA,+5,293,NA,4,4,3,3,4,3,5,5,4,4,4,4,4,4,5,3,5,5,+1,73,NA,NA,NA,NA
Satoshi,Kodaira,2,8:36 AM*,61,NA,+6,294,NA,4,6,4,3,4,3,3,4,4,3,4,4,4,5,4,3,4,4,+4,70,NA,NA,NA,NA
J. B.,Holmes,2,8:03 AM*,T62,NA,+8,296,NA,5,5,5,3,4,3,4,5,4,4,4,3,4,4,5,2,4,4,+8,72,NA,NA,NA,NA
Bernhard,Langer,2,8:47 AM*,T62,NA,+8,296,NA,3,5,4,3,5,4,4,5,5,5,4,3,5,3,4,3,4,3,+6,72,NA,NA,NA,NA
Emiliano,Grillo,2,9:09 AM*,T62,NA,+8,296,NA,4,4,4,3,4,3,5,5,5,4,6,3,4,4,6,3,3,5,+4,75,NA,NA,NA,NA
Alex,Noren,2,9:20 AM*,T62,NA,+8,296,NA,4,4,4,3,6,3,4,5,5,4,5,3,4,4,4,3,4,3,+2,72,NA,NA,NA,NA
Sandy,Lyle,2,NA,NA,NA,+4,148,NA,4,4,5,3,6,3,4,6,5,4,4,2,4,5,5,3,4,4,NA,75,NA,NA,NA,NA
Stewart,Cink,2,NA,NA,NA,+4,148,NA,4,5,4,3,4,3,4,5,5,3,4,2,4,4,4,4,6,4,NA,72,NA,NA,NA,NA
Justin,Rose,2,NA,NA,NA,+4,148,NA,3,4,5,3,5,3,4,5,4,4,5,2,3,4,6,3,5,5,NA,73,NA,NA,NA,NA
Mike,Weir,2,NA,NA,NA,+4,148,NA,4,6,4,4,4,3,4,5,5,4,5,4,4,3,5,3,5,4,NA,76,NA,NA,NA,NA
Kevin,O'Connell,2,NA,NA,NA,+4,148,NA,5,6,4,3,3,3,3,4,4,6,4,2,4,5,3,3,4,5,NA,71,NA,NA,NA,NA
Danny,Willett,2,NA,NA,NA,+4,148,NA,4,4,5,3,5,4,3,5,5,4,4,3,4,3,5,3,4,5,NA,73,NA,NA,NA,NA
Sergio,Garcia,2,NA,NA,NA,+4,148,NA,4,5,5,3,5,3,4,5,4,5,4,3,4,5,4,3,4,5,NA,75,NA,NA,NA,NA
Adam,Long,2,NA,NA,NA,+5,149,NA,4,7,4,3,4,3,4,5,4,5,4,3,4,4,5,4,3,4,NA,74,NA,NA,NA,NA
Brandt,Snedeker,2,NA,NA,NA,+5,149,NA,4,5,3,3,5,2,4,5,4,4,4,3,5,6,4,3,5,5,NA,74,NA,NA,NA,NA
Fred,Couples,2,NA,NA,NA,+5,149,NA,4,5,3,3,4,3,5,5,3,4,4,4,4,4,5,3,4,4,NA,71,NA,NA,NA,NA
Charl,Schwartzel,2,NA,NA,NA,+5,149,NA,5,4,4,4,5,3,4,5,4,4,4,3,4,4,4,3,4,4,NA,72,NA,NA,NA,NA
Shugo,Imahira,2,NA,NA,NA,+6,150,NA,3,5,4,3,5,3,4,5,4,5,4,4,4,5,5,3,4,4,NA,74,NA,NA,NA,NA
Larry,Mize,2,NA,NA,NA,+7,151,NA,5,5,4,3,4,3,4,5,4,5,4,3,4,4,5,3,5,4,NA,74,NA,NA,NA,NA
Shane,Lowry,2,NA,NA,NA,+7,151,NA,4,5,4,3,5,3,5,5,4,5,4,3,4,4,6,2,3,4,NA,73,NA,NA,NA,NA
Matt,Wallace,2,NA,NA,NA,+8,152,NA,5,4,4,3,4,3,4,4,5,5,6,3,5,5,5,3,4,5,NA,77,NA,NA,NA,NA
Jovan,Rebula,2,NA,NA,NA,+8,152,NA,4,5,3,3,5,3,4,5,4,4,6,5,5,6,4,3,4,6,NA,79,NA,NA,NA,NA
Michael,Kim,2,NA,NA,NA,+10,154,NA,4,5,3,3,4,3,4,6,4,4,5,3,7,5,4,3,5,6,NA,78,NA,NA,NA,NA
Paul,Casey,2,NA,NA,NA,+10,154,NA,4,5,4,3,4,3,4,5,4,4,4,4,4,5,5,3,3,5,NA,73,NA,NA,NA,NA
Vijay,Singh,2,NA,NA,NA,+12,156,NA,4,5,4,3,5,3,4,5,6,5,5,3,5,3,5,3,4,4,NA,76,NA,NA,NA,NA
Ian,Woosnam,2,NA,NA,NA,+12,156,NA,5,4,4,4,5,3,3,5,4,5,5,3,5,5,4,3,4,5,NA,76,NA,NA,NA,NA
Jose Maria,Olazabal,2,NA,NA,NA,+13,157,NA,5,6,5,3,5,3,5,5,5,4,4,3,6,4,4,3,4,5,NA,79,NA,NA,NA,NA
Angel,Cabrera,2,NA,NA,NA,+13,157,NA,5,5,4,3,5,2,4,4,5,4,5,3,6,4,5,3,4,4,NA,75,NA,NA,NA,NA
Tiger,Woods,3,9:20 AM,1,NA,-13,275,NA,4,5,4,3,5,2,3,4,4,4,4,3,4,4,4,2,4,4,NA,NA,-2,67,NA,NA
Dustin,Johnson,3,8:47 AM,T2,NA,-12,276,NA,4,4,4,3,4,4,4,4,4,4,4,3,4,4,4,3,4,5,NA,NA,-4,70,NA,NA
Xander,Schauffele,3,8:58 AM,T2,NA,-12,276,NA,4,4,3,3,4,2,5,4,4,4,4,3,4,4,6,3,4,5,NA,NA,-4,70,NA,NA
Brooks,Koepka,3,9:09 AM,T2,NA,-12,276,NA,5,4,3,3,5,2,5,4,4,4,4,3,4,5,3,3,4,4,NA,NA,-2,69,NA,NA
Jason,Day,3,8:14 AM,T5,NA,-11,277,NA,4,5,4,3,4,2,5,5,4,4,4,2,5,3,7,3,4,5,NA,NA,-5,73,NA,NA
Webb,Simpson,3,9:09 AM,T5,NA,-11,277,NA,4,4,4,3,4,4,3,4,3,3,4,3,3,3,5,2,4,4,NA,NA,-2,64,NA,NA
Francesco,Molinari,3,9:20 AM,T5,NA,-11,277,NA,4,5,4,3,4,2,4,4,4,4,4,2,4,3,4,3,4,4,NA,NA,+2,66,NA,NA
Tony,Finau,3,9:20 AM,T5,NA,-11,277,NA,3,4,3,3,4,2,4,3,4,4,4,3,4,4,4,3,4,4,NA,NA,E,64,NA,NA
Jon,Rahm,3,8:25 AM,T9,NA,-10,278,NA,4,5,4,4,4,3,4,5,4,4,4,3,3,4,4,3,4,5,NA,NA,-4,71,NA,NA
Patrick,Cantlay,3,8:36 AM,T9,NA,-10,278,NA,3,5,4,2,4,2,4,5,3,4,3,3,5,3,4,3,3,4,NA,NA,-4,64,NA,NA
Rickie,Fowler,3,8:47 AM,T9,NA,-10,278,NA,5,4,3,2,4,3,4,4,4,5,4,3,3,4,4,3,4,5,NA,NA,-3,68,NA,NA
Bubba,Watson,3,8:14 AM,T12,NA,-8,280,NA,4,5,3,3,5,3,4,4,4,4,4,2,4,3,4,3,4,4,NA,NA,-3,67,NA,NA
Justin,Thomas,3,8:25 AM,T12,NA,-8,280,NA,3,5,3,3,4,3,4,5,4,4,4,3,5,4,4,3,4,4,NA,NA,-2,69,NA,NA
Matt,Kuchar,3,8:58 AM,T12,NA,-8,280,NA,4,5,3,3,4,2,4,5,4,4,5,4,4,3,4,2,4,4,NA,NA,E,68,NA,NA
Justin,Harding,3,8:58 AM,T12,NA,-8,280,NA,4,4,3,4,5,3,4,5,4,5,4,2,4,5,4,3,3,4,NA,NA,E,70,NA,NA
Ian,Poulter,3,9:09 AM,T12,NA,-8,280,NA,4,5,4,3,4,3,4,4,3,4,5,3,4,4,4,3,4,3,NA,NA,+1,68,NA,NA
Aaron,Wise,3,7:30 AM,17,NA,-7,281,NA,4,4,4,3,4,3,3,5,5,4,4,2,4,3,5,2,4,5,NA,NA,-5,68,NA,NA
Patton,Kizzire,3,7:41 AM,T18,NA,-6,282,NA,4,5,3,4,4,3,5,5,4,5,4,3,6,3,6,2,4,3,NA,NA,-3,73,NA,NA
Phil,Mickelson,3,8:25 AM,T18,NA,-6,282,NA,4,4,3,3,5,3,4,5,4,4,4,2,5,4,5,3,5,3,NA,NA,E,70,NA,NA
Adam,Scott,3,8:36 AM,T18,NA,-6,282,NA,3,5,4,3,5,3,4,5,4,4,4,2,4,4,5,4,4,5,NA,NA,+1,72,NA,NA
Si Woo,Kim,3,7:30 AM,T21,NA,-5,283,NA,4,4,3,5,4,2,5,5,4,4,4,4,4,4,4,3,3,4,NA,NA,-3,70,NA,NA
Kyle,Stanley,3,7:30 AM*,T21,NA,-5,283,NA,4,5,3,3,5,3,3,5,4,4,4,4,4,3,4,4,4,4,NA,NA,-3,70,NA,NA
Matthew,Fitzpatrick,3,7:41 AM,T21,NA,-5,283,NA,4,4,3,3,4,3,5,4,4,4,4,3,4,4,4,3,4,4,NA,NA,-2,68,NA,NA
Kevin,Kisner,3,7:41 AM*,T21,NA,-5,283,NA,4,5,4,3,5,3,4,4,4,6,3,3,4,5,4,3,4,4,NA,NA,-3,72,NA,NA
Rory,McIlroy,3,7:52 AM*,T21,NA,-5,283,NA,4,5,4,2,4,4,5,5,5,3,5,3,4,4,3,2,4,5,NA,NA,-4,71,NA,NA
Jordan,Spieth,3,8:03 AM,T21,NA,-5,283,NA,3,7,3,3,5,3,4,5,4,3,4,2,5,4,4,3,3,4,NA,NA,-1,69,NA,NA
Lucas,Bjerregaard,3,8:14 AM,T21,NA,-5,283,NA,4,4,4,4,6,3,4,4,4,3,4,3,4,4,3,3,4,4,NA,NA,E,69,NA,NA
Thorbjorn,Olesen,3,8:36 AM,T21,NA,-5,283,NA,4,4,4,3,5,2,4,4,4,4,3,3,4,4,4,3,4,5,NA,NA,+1,68,NA,NA
Charley,Hoffman,3,7:30 AM*,T29,NA,-4,284,NA,3,5,4,2,4,3,4,5,4,5,4,3,4,4,5,4,5,4,NA,NA,-2,72,NA,NA
Bryson,DeChambeau,3,7:41 AM*,T29,NA,-4,284,NA,4,6,4,3,5,3,4,5,3,3,4,3,4,4,5,4,5,4,NA,NA,-2,73,NA,NA
Louis,Oosthuizen,3,8:47 AM,T29,NA,-4,284,NA,4,5,4,4,5,3,3,4,4,4,3,4,5,4,5,3,4,3,NA,NA,+4,71,NA,NA
Viktor,Hovland,3,7:30 AM*,T32,NA,-3,285,NA,4,5,4,4,5,4,3,5,4,3,4,3,4,3,4,4,3,5,NA,NA,-1,71,NA,NA
Hideki,Matsuyama,3,7:52 AM,T32,NA,-3,285,NA,4,4,3,4,5,2,3,5,3,4,4,3,4,3,4,3,4,6,NA,NA,E,68,NA,NA
Gary,Woodland,3,7:52 AM*,T32,NA,-3,285,NA,5,4,4,4,5,3,5,4,3,5,5,3,4,4,4,3,5,4,NA,NA,-2,74,NA,NA
Charles,Howell III,3,8:03 AM*,T32,NA,-3,285,NA,4,5,4,4,5,3,3,4,3,5,5,3,5,5,5,3,5,5,NA,NA,-3,76,NA,NA
Kevin,Tway,3,7:41 AM,T36,NA,-2,286,NA,5,4,3,4,4,3,5,4,4,3,4,3,5,5,4,3,3,4,NA,NA,+1,70,NA,NA
Henrik,Stenson,3,7:52 AM,T36,NA,-2,286,NA,4,4,3,4,4,3,4,4,4,4,4,3,4,5,4,2,4,3,NA,NA,+1,67,NA,NA
Tommy,Fleetwood,3,8:03 AM,T36,NA,-2,286,NA,4,4,4,3,4,2,4,5,4,4,4,3,5,4,4,4,4,4,NA,NA,+2,70,NA,NA
Jimmy,Walker,3,8:03 AM*,T36,NA,-2,286,NA,4,6,4,4,4,3,4,5,4,4,4,4,5,3,4,2,3,5,NA,NA,-2,72,NA,NA
Alvaro,Ortiz,3,8:14 AM*,T36,NA,-2,286,NA,4,5,4,4,4,3,5,5,5,4,4,2,4,3,5,3,4,5,NA,NA,-3,73,NA,NA
Patrick,Reed,3,8:25 AM*,T36,NA,-2,286,NA,4,5,3,3,5,3,4,4,4,5,5,3,5,4,4,4,4,5,NA,NA,-3,74,NA,NA
Rafael,Cabrera Bello,3,8:47 AM*,T36,NA,-2,286,NA,4,6,4,3,4,3,5,5,5,4,4,2,5,5,4,3,4,5,NA,NA,-4,75,NA,NA
Keegan,Bradley,3,7:52 AM*,T43,NA,-1,287,NA,4,5,3,3,3,4,5,5,3,4,4,3,4,5,5,3,4,4,NA,NA,E,71,NA,NA
Keith,Mitchell,3,8:25 AM*,T43,NA,-1,287,NA,5,4,5,4,4,3,5,4,4,3,3,4,4,4,4,4,5,3,NA,NA,-3,72,NA,NA
Haotong,Li,3,8:58 AM*,T43,NA,-1,287,NA,4,4,4,3,4,4,5,5,4,4,4,3,4,4,5,3,5,4,NA,NA,-4,73,NA,NA
Corey,Conners,3,8:03 AM,T46,NA,E,288,NA,4,4,4,3,5,3,4,5,4,4,4,3,4,4,5,3,4,4,NA,NA,+4,71,NA,NA
Kevin,Na,3,8:14 AM*,T46,NA,E,288,NA,4,5,4,3,4,3,5,5,3,5,4,3,5,4,4,3,4,5,NA,NA,-1,73,NA,NA
Andrew,Landry,3,8:36 AM*,T46,NA,E,288,NA,4,4,4,3,5,3,3,4,5,5,5,2,5,4,7,3,3,4,NA,NA,-2,73,NA,NA
Marc,Leishman,3,7:30 AM,T49,NA,+1,289,NA,4,4,3,4,4,3,5,6,3,5,4,3,4,4,3,3,4,4,NA,NA,+3,70,NA,NA
Kiradech,Aphibarnrat,3,8:14 AM*,T49,NA,+1,289,NA,4,6,4,4,5,3,4,6,4,4,4,2,6,4,4,3,4,4,NA,NA,+1,75,NA,NA
Cameron,Smith,3,7:52 AM,T51,NA,+2,290,NA,4,4,4,3,5,2,4,5,4,3,4,4,4,4,5,3,3,4,NA,NA,+5,69,NA,NA
Eddie,Pepperell,3,8:47 AM*,T51,NA,+2,290,NA,4,5,4,3,4,3,5,4,4,4,4,3,6,3,5,3,3,5,NA,NA,-1,72,NA,NA
Martin,Kaymer,3,8:58 AM*,T51,NA,+2,290,NA,4,4,4,3,4,3,5,5,4,5,4,3,4,4,5,3,4,4,NA,NA,-1,72,NA,NA
Trevor,Immelman,3,9:20 AM*,T51,NA,+2,290,NA,5,5,3,4,5,3,4,6,3,4,4,2,6,5,4,3,4,5,NA,NA,-3,75,NA,NA
Devon,Bling,3,8:25 AM*,55,NA,+3,291,NA,4,6,3,4,4,3,3,4,4,4,5,2,4,4,6,4,3,4,NA,NA,+1,71,NA,NA
Tyrrell,Hatton,3,8:36 AM*,T56,NA,+4,292,NA,4,4,3,3,4,2,4,5,4,3,5,3,5,4,7,3,5,4,NA,NA,+2,72,NA,NA
Billy,Horschel,3,9:09 AM*,T56,NA,+4,292,NA,4,5,4,3,5,3,5,5,5,4,5,3,4,3,5,3,4,4,NA,NA,-1,74,NA,NA
Takumi,Kanaya,3,7:41 AM*,T58,NA,+5,293,NA,4,4,3,3,4,2,5,4,3,4,4,2,6,4,5,3,4,4,NA,NA,+6,68,NA,NA
Branden,Grace,3,8:58 AM*,T58,NA,+5,293,NA,4,5,4,3,5,3,4,5,4,5,4,3,4,3,5,3,4,4,NA,NA,+2,72,NA,NA
Zach,Johnson,3,9:09 AM*,T58,NA,+5,293,NA,4,4,3,3,5,5,4,6,4,4,5,3,4,3,5,3,4,4,NA,NA,+1,73,NA,NA
Satoshi,Kodaira,3,8:36 AM*,61,NA,+6,294,NA,5,4,4,3,5,4,4,5,4,4,4,3,5,3,5,3,4,4,NA,NA,+4,73,NA,NA
J. B.,Holmes,3,8:03 AM*,T62,NA,+8,296,NA,4,4,4,4,5,3,4,5,4,4,4,3,5,4,5,2,6,4,NA,NA,+8,74,NA,NA
Bernhard,Langer,3,8:47 AM*,T62,NA,+8,296,NA,4,5,4,3,4,4,4,4,3,4,5,5,5,3,4,3,5,6,NA,NA,+6,75,NA,NA
Emiliano,Grillo,3,9:09 AM*,T62,NA,+8,296,NA,4,5,5,4,4,3,4,4,4,5,4,3,4,4,5,3,4,4,NA,NA,+4,73,NA,NA
Alex,Noren,3,9:20 AM*,T62,NA,+8,296,NA,5,5,4,3,4,2,4,5,5,4,6,4,4,4,5,3,4,4,NA,NA,+2,75,NA,NA
Sandy,Lyle,3,NA,NA,NA,+4,148,NA,NA,NA,NA,NA,NA,NA,NA,NA,NA,NA,NA,NA,NA,NA,NA,NA,NA,NA,NA,NA,NA,NA,NA,NA
Stewart,Cink,3,NA,NA,NA,+4,148,NA,NA,NA,NA,NA,NA,NA,NA,NA,NA,NA,NA,NA,NA,NA,NA,NA,NA,NA,NA,NA,NA,NA,NA,NA
Justin,Rose,3,NA,NA,NA,+4,148,NA,NA,NA,NA,NA,NA,NA,NA,NA,NA,NA,NA,NA,NA,NA,NA,NA,NA,NA,NA,NA,NA,NA,NA,NA
Mike,Weir,3,NA,NA,NA,+4,148,NA,NA,NA,NA,NA,NA,NA,NA,NA,NA,NA,NA,NA,NA,NA,NA,NA,NA,NA,NA,NA,NA,NA,NA,NA
Kevin,O'Connell,3,NA,NA,NA,+4,148,NA,NA,NA,NA,NA,NA,NA,NA,NA,NA,NA,NA,NA,NA,NA,NA,NA,NA,NA,NA,NA,NA,NA,NA,NA
Danny,Willett,3,NA,NA,NA,+4,148,NA,NA,NA,NA,NA,NA,NA,NA,NA,NA,NA,NA,NA,NA,NA,NA,NA,NA,NA,NA,NA,NA,NA,NA,NA
Sergio,Garcia,3,NA,NA,NA,+4,148,NA,NA,NA,NA,NA,NA,NA,NA,NA,NA,NA,NA,NA,NA,NA,NA,NA,NA,NA,NA,NA,NA,NA,NA,NA
Adam,Long,3,NA,NA,NA,+5,149,NA,NA,NA,NA,NA,NA,NA,NA,NA,NA,NA,NA,NA,NA,NA,NA,NA,NA,NA,NA,NA,NA,NA,NA,NA
Brandt,Snedeker,3,NA,NA,NA,+5,149,NA,NA,NA,NA,NA,NA,NA,NA,NA,NA,NA,NA,NA,NA,NA,NA,NA,NA,NA,NA,NA,NA,NA,NA,NA
Fred,Couples,3,NA,NA,NA,+5,149,NA,NA,NA,NA,NA,NA,NA,NA,NA,NA,NA,NA,NA,NA,NA,NA,NA,NA,NA,NA,NA,NA,NA,NA,NA
Charl,Schwartzel,3,NA,NA,NA,+5,149,NA,NA,NA,NA,NA,NA,NA,NA,NA,NA,NA,NA,NA,NA,NA,NA,NA,NA,NA,NA,NA,NA,NA,NA,NA
Shugo,Imahira,3,NA,NA,NA,+6,150,NA,NA,NA,NA,NA,NA,NA,NA,NA,NA,NA,NA,NA,NA,NA,NA,NA,NA,NA,NA,NA,NA,NA,NA,NA
Larry,Mize,3,NA,NA,NA,+7,151,NA,NA,NA,NA,NA,NA,NA,NA,NA,NA,NA,NA,NA,NA,NA,NA,NA,NA,NA,NA,NA,NA,NA,NA,NA
Shane,Lowry,3,NA,NA,NA,+7,151,NA,NA,NA,NA,NA,NA,NA,NA,NA,NA,NA,NA,NA,NA,NA,NA,NA,NA,NA,NA,NA,NA,NA,NA,NA
Matt,Wallace,3,NA,NA,NA,+8,152,NA,NA,NA,NA,NA,NA,NA,NA,NA,NA,NA,NA,NA,NA,NA,NA,NA,NA,NA,NA,NA,NA,NA,NA,NA
Jovan,Rebula,3,NA,NA,NA,+8,152,NA,NA,NA,NA,NA,NA,NA,NA,NA,NA,NA,NA,NA,NA,NA,NA,NA,NA,NA,NA,NA,NA,NA,NA,NA
Michael,Kim,3,NA,NA,NA,+10,154,NA,NA,NA,NA,NA,NA,NA,NA,NA,NA,NA,NA,NA,NA,NA,NA,NA,NA,NA,NA,NA,NA,NA,NA,NA
Paul,Casey,3,NA,NA,NA,+10,154,NA,NA,NA,NA,NA,NA,NA,NA,NA,NA,NA,NA,NA,NA,NA,NA,NA,NA,NA,NA,NA,NA,NA,NA,NA
Vijay,Singh,3,NA,NA,NA,+12,156,NA,NA,NA,NA,NA,NA,NA,NA,NA,NA,NA,NA,NA,NA,NA,NA,NA,NA,NA,NA,NA,NA,NA,NA,NA
Ian,Woosnam,3,NA,NA,NA,+12,156,NA,NA,NA,NA,NA,NA,NA,NA,NA,NA,NA,NA,NA,NA,NA,NA,NA,NA,NA,NA,NA,NA,NA,NA,NA
Jose Maria,Olazabal,3,NA,NA,NA,+13,157,NA,NA,NA,NA,NA,NA,NA,NA,NA,NA,NA,NA,NA,NA,NA,NA,NA,NA,NA,NA,NA,NA,NA,NA,NA
Angel,Cabrera,3,NA,NA,NA,+13,157,NA,NA,NA,NA,NA,NA,NA,NA,NA,NA,NA,NA,NA,NA,NA,NA,NA,NA,NA,NA,NA,NA,NA,NA,NA
Tiger,Woods,4,9:20 AM,1,NA,-13,275,NA,4,5,4,3,5,2,3,4,4,4,4,3,4,4,4,2,4,4,NA,NA,NA,NA,-2,70
Dustin,Johnson,4,8:47 AM,T2,NA,-12,276,NA,4,4,4,3,4,4,4,4,4,4,4,3,4,4,4,3,4,5,NA,NA,NA,NA,-4,68
Xander,Schauffele,4,8:58 AM,T2,NA,-12,276,NA,4,4,3,3,4,2,5,4,4,4,4,3,4,4,6,3,4,5,NA,NA,NA,NA,-4,68
Brooks,Koepka,4,9:09 AM,T2,NA,-12,276,NA,5,4,3,3,5,2,5,4,4,4,4,3,4,5,3,3,4,4,NA,NA,NA,NA,-2,70
Jason,Day,4,8:14 AM,T5,NA,-11,277,NA,4,5,4,3,4,2,5,5,4,4,4,2,5,3,7,3,4,5,NA,NA,NA,NA,-5,67
Webb,Simpson,4,9:09 AM,T5,NA,-11,277,NA,4,4,4,3,4,4,3,4,3,3,4,3,3,3,5,2,4,4,NA,NA,NA,NA,-2,70
Francesco,Molinari,4,9:20 AM,T5,NA,-11,277,NA,4,5,4,3,4,2,4,4,4,4,4,2,4,3,4,3,4,4,NA,NA,NA,NA,+2,74
Tony,Finau,4,9:20 AM,T5,NA,-11,277,NA,3,4,3,3,4,2,4,3,4,4,4,3,4,4,4,3,4,4,NA,NA,NA,NA,E,72
Jon,Rahm,4,8:25 AM,T9,NA,-10,278,NA,4,5,4,4,4,3,4,5,4,4,4,3,3,4,4,3,4,5,NA,NA,NA,NA,-4,68
Patrick,Cantlay,4,8:36 AM,T9,NA,-10,278,NA,3,5,4,2,4,2,4,5,3,4,3,3,5,3,4,3,3,4,NA,NA,NA,NA,-4,68
Rickie,Fowler,4,8:47 AM,T9,NA,-10,278,NA,5,4,3,2,4,3,4,4,4,5,4,3,3,4,4,3,4,5,NA,NA,NA,NA,-3,69
Bubba,Watson,4,8:14 AM,T12,NA,-8,280,NA,4,5,3,3,5,3,4,4,4,4,4,2,4,3,4,3,4,4,NA,NA,NA,NA,-3,69
Justin,Thomas,4,8:25 AM,T12,NA,-8,280,NA,3,5,3,3,4,3,4,5,4,4,4,3,5,4,4,3,4,4,NA,NA,NA,NA,-2,70
Matt,Kuchar,4,8:58 AM,T12,NA,-8,280,NA,4,5,3,3,4,2,4,5,4,4,5,4,4,3,4,2,4,4,NA,NA,NA,NA,E,72
Justin,Harding,4,8:58 AM,T12,NA,-8,280,NA,4,4,3,4,5,3,4,5,4,5,4,2,4,5,4,3,3,4,NA,NA,NA,NA,E,72
Ian,Poulter,4,9:09 AM,T12,NA,-8,280,NA,4,5,4,3,4,3,4,4,3,4,5,3,4,4,4,3,4,3,NA,NA,NA,NA,+1,73
Aaron,Wise,4,7:30 AM,17,NA,-7,281,NA,4,4,4,3,4,3,3,5,5,4,4,2,4,3,5,2,4,5,NA,NA,NA,NA,-5,67
Patton,Kizzire,4,7:41 AM,T18,NA,-6,282,NA,4,5,3,4,4,3,5,5,4,5,4,3,6,3,6,2,4,3,NA,NA,NA,NA,-3,69
Phil,Mickelson,4,8:25 AM,T18,NA,-6,282,NA,4,4,3,3,5,3,4,5,4,4,4,2,5,4,5,3,5,3,NA,NA,NA,NA,E,72
Adam,Scott,4,8:36 AM,T18,NA,-6,282,NA,3,5,4,3,5,3,4,5,4,4,4,2,4,4,5,4,4,5,NA,NA,NA,NA,+1,73
Si Woo,Kim,4,7:30 AM,T21,NA,-5,283,NA,4,4,3,5,4,2,5,5,4,4,4,4,4,4,4,3,3,4,NA,NA,NA,NA,-3,69
Kyle,Stanley,4,7:30 AM*,T21,NA,-5,283,NA,4,5,3,3,5,3,3,5,4,4,4,4,4,3,4,4,4,4,NA,NA,NA,NA,-3,69
Matthew,Fitzpatrick,4,7:41 AM,T21,NA,-5,283,NA,4,4,3,3,4,3,5,4,4,4,4,3,4,4,4,3,4,4,NA,NA,NA,NA,-2,70
Kevin,Kisner,4,7:41 AM*,T21,NA,-5,283,NA,4,5,4,3,5,3,4,4,4,6,3,3,4,5,4,3,4,4,NA,NA,NA,NA,-3,69
Rory,McIlroy,4,7:52 AM*,T21,NA,-5,283,NA,4,5,4,2,4,4,5,5,5,3,5,3,4,4,3,2,4,5,NA,NA,NA,NA,-4,68
Jordan,Spieth,4,8:03 AM,T21,NA,-5,283,NA,3,7,3,3,5,3,4,5,4,3,4,2,5,4,4,3,3,4,NA,NA,NA,NA,-1,71
Lucas,Bjerregaard,4,8:14 AM,T21,NA,-5,283,NA,4,4,4,4,6,3,4,4,4,3,4,3,4,4,3,3,4,4,NA,NA,NA,NA,E,72
Thorbjorn,Olesen,4,8:36 AM,T21,NA,-5,283,NA,4,4,4,3,5,2,4,4,4,4,3,3,4,4,4,3,4,5,NA,NA,NA,NA,+1,73
Charley,Hoffman,4,7:30 AM*,T29,NA,-4,284,NA,3,5,4,2,4,3,4,5,4,5,4,3,4,4,5,4,5,4,NA,NA,NA,NA,-2,70
Bryson,DeChambeau,4,7:41 AM*,T29,NA,-4,284,NA,4,6,4,3,5,3,4,5,3,3,4,3,4,4,5,4,5,4,NA,NA,NA,NA,-2,70
Louis,Oosthuizen,4,8:47 AM,T29,NA,-4,284,NA,4,5,4,4,5,3,3,4,4,4,3,4,5,4,5,3,4,3,NA,NA,NA,NA,+4,76
Viktor,Hovland,4,7:30 AM*,T32,NA,-3,285,NA,4,5,4,4,5,4,3,5,4,3,4,3,4,3,4,4,3,5,NA,NA,NA,NA,-1,71
Hideki,Matsuyama,4,7:52 AM,T32,NA,-3,285,NA,4,4,3,4,5,2,3,5,3,4,4,3,4,3,4,3,4,6,NA,NA,NA,NA,E,72
Gary,Woodland,4,7:52 AM*,T32,NA,-3,285,NA,5,4,4,4,5,3,5,4,3,5,5,3,4,4,4,3,5,4,NA,NA,NA,NA,-2,70
Charles,Howell III,4,8:03 AM*,T32,NA,-3,285,NA,4,5,4,4,5,3,3,4,3,5,5,3,5,5,5,3,5,5,NA,NA,NA,NA,-3,69
Kevin,Tway,4,7:41 AM,T36,NA,-2,286,NA,5,4,3,4,4,3,5,4,4,3,4,3,5,5,4,3,3,4,NA,NA,NA,NA,+1,73
Henrik,Stenson,4,7:52 AM,T36,NA,-2,286,NA,4,4,3,4,4,3,4,4,4,4,4,3,4,5,4,2,4,3,NA,NA,NA,NA,+1,73
Tommy,Fleetwood,4,8:03 AM,T36,NA,-2,286,NA,4,4,4,3,4,2,4,5,4,4,4,3,5,4,4,4,4,4,NA,NA,NA,NA,+2,74
Jimmy,Walker,4,8:03 AM*,T36,NA,-2,286,NA,4,6,4,4,4,3,4,5,4,4,4,4,5,3,4,2,3,5,NA,NA,NA,NA,-2,70
Alvaro,Ortiz,4,8:14 AM*,T36,NA,-2,286,NA,4,5,4,4,4,3,5,5,5,4,4,2,4,3,5,3,4,5,NA,NA,NA,NA,-3,69
Patrick,Reed,4,8:25 AM*,T36,NA,-2,286,NA,4,5,3,3,5,3,4,4,4,5,5,3,5,4,4,4,4,5,NA,NA,NA,NA,-3,69
Rafael,Cabrera Bello,4,8:47 AM*,T36,NA,-2,286,NA,4,6,4,3,4,3,5,5,5,4,4,2,5,5,4,3,4,5,NA,NA,NA,NA,-4,68
Keegan,Bradley,4,7:52 AM*,T43,NA,-1,287,NA,4,5,3,3,3,4,5,5,3,4,4,3,4,5,5,3,4,4,NA,NA,NA,NA,E,72
Keith,Mitchell,4,8:25 AM*,T43,NA,-1,287,NA,5,4,5,4,4,3,5,4,4,3,3,4,4,4,4,4,5,3,NA,NA,NA,NA,-3,69
Haotong,Li,4,8:58 AM*,T43,NA,-1,287,NA,4,4,4,3,4,4,5,5,4,4,4,3,4,4,5,3,5,4,NA,NA,NA,NA,-4,68
Corey,Conners,4,8:03 AM,T46,NA,E,288,NA,4,4,4,3,5,3,4,5,4,4,4,3,4,4,5,3,4,4,NA,NA,NA,NA,+4,76
Kevin,Na,4,8:14 AM*,T46,NA,E,288,NA,4,5,4,3,4,3,5,5,3,5,4,3,5,4,4,3,4,5,NA,NA,NA,NA,-1,71
Andrew,Landry,4,8:36 AM*,T46,NA,E,288,NA,4,4,4,3,5,3,3,4,5,5,5,2,5,4,7,3,3,4,NA,NA,NA,NA,-2,70
Marc,Leishman,4,7:30 AM,T49,NA,+1,289,NA,4,4,3,4,4,3,5,6,3,5,4,3,4,4,3,3,4,4,NA,NA,NA,NA,+3,75
Kiradech,Aphibarnrat,4,8:14 AM*,T49,NA,+1,289,NA,4,6,4,4,5,3,4,6,4,4,4,2,6,4,4,3,4,4,NA,NA,NA,NA,+1,73
Cameron,Smith,4,7:52 AM,T51,NA,+2,290,NA,4,4,4,3,5,2,4,5,4,3,4,4,4,4,5,3,3,4,NA,NA,NA,NA,+5,77
Eddie,Pepperell,4,8:47 AM*,T51,NA,+2,290,NA,4,5,4,3,4,3,5,4,4,4,4,3,6,3,5,3,3,5,NA,NA,NA,NA,-1,71
Martin,Kaymer,4,8:58 AM*,T51,NA,+2,290,NA,4,4,4,3,4,3,5,5,4,5,4,3,4,4,5,3,4,4,NA,NA,NA,NA,-1,71
Trevor,Immelman,4,9:20 AM*,T51,NA,+2,290,NA,5,5,3,4,5,3,4,6,3,4,4,2,6,5,4,3,4,5,NA,NA,NA,NA,-3,69
Devon,Bling,4,8:25 AM*,55,NA,+3,291,NA,4,6,3,4,4,3,3,4,4,4,5,2,4,4,6,4,3,4,NA,NA,NA,NA,+1,73
Tyrrell,Hatton,4,8:36 AM*,T56,NA,+4,292,NA,4,4,3,3,4,2,4,5,4,3,5,3,5,4,7,3,5,4,NA,NA,NA,NA,+2,74
Billy,Horschel,4,9:09 AM*,T56,NA,+4,292,NA,4,5,4,3,5,3,5,5,5,4,5,3,4,3,5,3,4,4,NA,NA,NA,NA,-1,71
Takumi,Kanaya,4,7:41 AM*,T58,NA,+5,293,NA,4,4,3,3,4,2,5,4,3,4,4,2,6,4,5,3,4,4,NA,NA,NA,NA,+6,78
Branden,Grace,4,8:58 AM*,T58,NA,+5,293,NA,4,5,4,3,5,3,4,5,4,5,4,3,4,3,5,3,4,4,NA,NA,NA,NA,+2,74
Zach,Johnson,4,9:09 AM*,T58,NA,+5,293,NA,4,4,3,3,5,5,4,6,4,4,5,3,4,3,5,3,4,4,NA,NA,NA,NA,+1,73
Satoshi,Kodaira,4,8:36 AM*,61,NA,+6,294,NA,5,4,4,3,5,4,4,5,4,4,4,3,5,3,5,3,4,4,NA,NA,NA,NA,+4,76
J. B.,Holmes,4,8:03 AM*,T62,NA,+8,296,NA,4,4,4,4,5,3,4,5,4,4,4,3,5,4,5,2,6,4,NA,NA,NA,NA,+8,80
Bernhard,Langer,4,8:47 AM*,T62,NA,+8,296,NA,4,5,4,3,4,4,4,4,3,4,5,5,5,3,4,3,5,6,NA,NA,NA,NA,+6,78
Emiliano,Grillo,4,9:09 AM*,T62,NA,+8,296,NA,4,5,5,4,4,3,4,4,4,5,4,3,4,4,5,3,4,4,NA,NA,NA,NA,+4,76
Alex,Noren,4,9:20 AM*,T62,NA,+8,296,NA,5,5,4,3,4,2,4,5,5,4,6,4,4,4,5,3,4,4,NA,NA,NA,NA,+2,74
Sandy,Lyle,4,NA,NA,NA,+4,148,NA,NA,NA,NA,NA,NA,NA,NA,NA,NA,NA,NA,NA,NA,NA,NA,NA,NA,NA,NA,NA,NA,NA,NA,NA
Stewart,Cink,4,NA,NA,NA,+4,148,NA,NA,NA,NA,NA,NA,NA,NA,NA,NA,NA,NA,NA,NA,NA,NA,NA,NA,NA,NA,NA,NA,NA,NA,NA
Justin,Rose,4,NA,NA,NA,+4,148,NA,NA,NA,NA,NA,NA,NA,NA,NA,NA,NA,NA,NA,NA,NA,NA,NA,NA,NA,NA,NA,NA,NA,NA,NA
Mike,Weir,4,NA,NA,NA,+4,148,NA,NA,NA,NA,NA,NA,NA,NA,NA,NA,NA,NA,NA,NA,NA,NA,NA,NA,NA,NA,NA,NA,NA,NA,NA
Kevin,O'Connell,4,NA,NA,NA,+4,148,NA,NA,NA,NA,NA,NA,NA,NA,NA,NA,NA,NA,NA,NA,NA,NA,NA,NA,NA,NA,NA,NA,NA,NA,NA
Danny,Willett,4,NA,NA,NA,+4,148,NA,NA,NA,NA,NA,NA,NA,NA,NA,NA,NA,NA,NA,NA,NA,NA,NA,NA,NA,NA,NA,NA,NA,NA,NA
Sergio,Garcia,4,NA,NA,NA,+4,148,NA,NA,NA,NA,NA,NA,NA,NA,NA,NA,NA,NA,NA,NA,NA,NA,NA,NA,NA,NA,NA,NA,NA,NA,NA
Adam,Long,4,NA,NA,NA,+5,149,NA,NA,NA,NA,NA,NA,NA,NA,NA,NA,NA,NA,NA,NA,NA,NA,NA,NA,NA,NA,NA,NA,NA,NA,NA
Brandt,Snedeker,4,NA,NA,NA,+5,149,NA,NA,NA,NA,NA,NA,NA,NA,NA,NA,NA,NA,NA,NA,NA,NA,NA,NA,NA,NA,NA,NA,NA,NA,NA
Fred,Couples,4,NA,NA,NA,+5,149,NA,NA,NA,NA,NA,NA,NA,NA,NA,NA,NA,NA,NA,NA,NA,NA,NA,NA,NA,NA,NA,NA,NA,NA,NA
Charl,Schwartzel,4,NA,NA,NA,+5,149,NA,NA,NA,NA,NA,NA,NA,NA,NA,NA,NA,NA,NA,NA,NA,NA,NA,NA,NA,NA,NA,NA,NA,NA,NA
Shugo,Imahira,4,NA,NA,NA,+6,150,NA,NA,NA,NA,NA,NA,NA,NA,NA,NA,NA,NA,NA,NA,NA,NA,NA,NA,NA,NA,NA,NA,NA,NA,NA
Larry,Mize,4,NA,NA,NA,+7,151,NA,NA,NA,NA,NA,NA,NA,NA,NA,NA,NA,NA,NA,NA,NA,NA,NA,NA,NA,NA,NA,NA,NA,NA,NA
Shane,Lowry,4,NA,NA,NA,+7,151,NA,NA,NA,NA,NA,NA,NA,NA,NA,NA,NA,NA,NA,NA,NA,NA,NA,NA,NA,NA,NA,NA,NA,NA,NA
Matt,Wallace,4,NA,NA,NA,+8,152,NA,NA,NA,NA,NA,NA,NA,NA,NA,NA,NA,NA,NA,NA,NA,NA,NA,NA,NA,NA,NA,NA,NA,NA,NA
Jovan,Rebula,4,NA,NA,NA,+8,152,NA,NA,NA,NA,NA,NA,NA,NA,NA,NA,NA,NA,NA,NA,NA,NA,NA,NA,NA,NA,NA,NA,NA,NA,NA
Michael,Kim,4,NA,NA,NA,+10,154,NA,NA,NA,NA,NA,NA,NA,NA,NA,NA,NA,NA,NA,NA,NA,NA,NA,NA,NA,NA,NA,NA,NA,NA,NA
Paul,Casey,4,NA,NA,NA,+10,154,NA,NA,NA,NA,NA,NA,NA,NA,NA,NA,NA,NA,NA,NA,NA,NA,NA,NA,NA,NA,NA,NA,NA,NA,NA
Vijay,Singh,4,NA,NA,NA,+12,156,NA,NA,NA,NA,NA,NA,NA,NA,NA,NA,NA,NA,NA,NA,NA,NA,NA,NA,NA,NA,NA,NA,NA,NA,NA
Ian,Woosnam,4,NA,NA,NA,+12,156,NA,NA,NA,NA,NA,NA,NA,NA,NA,NA,NA,NA,NA,NA,NA,NA,NA,NA,NA,NA,NA,NA,NA,NA,NA
Jose Maria,Olazabal,4,NA,NA,NA,+13,157,NA,NA,NA,NA,NA,NA,NA,NA,NA,NA,NA,NA,NA,NA,NA,NA,NA,NA,NA,NA,NA,NA,NA,NA,NA
Angel,Cabrera,4,NA,NA,NA,+13,157,NA,NA,NA,NA,NA,NA,NA,NA,NA,NA,NA,NA,NA,NA,NA,NA,NA,NA,NA,NA,NA,NA,NA,NA,NA
